<?xml version="1.0" encoding="ISO-8859-1"?>
<!-- Copyright (c) 2012 - 2014, Andres Gomez Casanova (AngocA) All rights
 reserved. -->
<!-- Redistribution and use in source and binary forms, with or without modification,
 are permitted provided that the following conditions are met: -->
<!-- 1. Redistributions of source code must retain the above copyright notice,
 this list of conditions and the following disclaimer. 2. Redistributions
 in binary form must reproduce the above copyright notice, this list of conditions
 and the following disclaimer in the documentation and/or other materials
 provided with the distribution. -->
<!-- THIS SOFTWARE IS PROVIDED BY THE COPYRIGHT HOLDERS AND CONTRIBUTORS
 "AS IS" AND ANY EXPRESS OR IMPLIED WARRANTIES, INCLUDING, BUT NOT LIMITED
 TO, THE IMPLIED WARRANTIES OF MERCHANTABILITY AND FITNESS FOR A PARTICULAR
 PURPOSE ARE DISCLAIMED. IN NO EVENT SHALL THE COPYRIGHT HOLDER OR CONTRIBUTORS
 BE LIABLE FOR ANY DIRECT, INDIRECT, INCIDENTAL, SPECIAL, EXEMPLARY, OR CONSEQUENTIAL
 DAMAGES (INCLUDING, BUT NOT LIMITED TO, PROCUREMENT OF SUBSTITUTE GOODS OR
 SERVICES; LOSS OF USE, DATA, OR PROFITS; OR BUSINESS INTERRUPTION) HOWEVER
 CAUSED AND ON ANY THEORY OF LIABILITY, WHETHER IN CONTRACT, STRICT LIABILITY,
 OR TORT (INCLUDING NEGLIGENCE OR OTHERWISE) ARISING IN ANY WAY OUT OF THE
 USE OF THIS SOFTWARE, EVEN IF ADVISED OF THE POSSIBILITY OF SUCH DAMAGE. -->

<assembly
 xmlns="http://maven.apache.org/plugins/maven-assembly-plugin/assembly/1.1.2"
 xmlns:xsi="http://www.w3.org/2001/XMLSchema-instance"
 xsi:schemaLocation="http://maven.apache.org/plugins/maven-assembly-plugin/assembly/1.1.2 http://maven.apache.org/xsd/assembly-1.1.2.xsd">
 <id>release</id>
 <formats>
  <format>zip</format>
  <format>tar.gz</format>
  <format>dir</format>
 </formats>
 <includeBaseDirectory>true</includeBaseDirectory>

 <fileSets>
  <!-- License and Readme files -->
  <fileSet>
   <directory>.</directory>
   <includes>
    <include>README.txt</include>
    <include>COPYING.txt</include>
   </includes>
   <fileMode>0444</fileMode>
   <outputDirectory>/</outputDirectory>
  </fileSet>
  <!-- SQL PL code -->
  <fileSet>
   <directory>src/main/sql-pl</directory>
   <includes>
    <include>**/*</include>
   </includes>
   <fileMode>0666</fileMode>
   <outputDirectory>sql-pl</outputDirectory>
  </fileSet>
  <!-- Scripts -->
  <fileSet>
   <directory>src/main/scripts</directory>
   <includes>
    <include>**/init</include>
    <include>**/install</include>
    <include>**/reinstall</include>
    <include>**/uninit</include>
    <include>**/uninstall</include>
   </includes>
   <fileMode>0777</fileMode>
   <lineEnding>lf</lineEnding>
   <outputDirectory>/</outputDirectory>
  </fileSet>
  <!-- Scripts -->
  <fileSet>
   <directory>src/main/scripts</directory>
   <includes>
    <include>**/*.bat</include>
    <include>**/*.ps1</include>
   </includes>
   <fileMode>0666</fileMode>
   <lineEnding>crlf</lineEnding>
   <outputDirectory>/</outputDirectory>
  </fileSet>
  <!-- XML files -->
  <fileSet>
   <directory>src/main/xml</directory>
   <includes>
    <include>**/*</include>
   </includes>
   <fileMode>0666</fileMode>
   <outputDirectory>xml</outputDirectory>
  </fileSet>
  <!-- Documentation directory (with its license)-->
  <fileSet>
   <directory>doc</directory>
   <includes>
    <include>**/Appender_DB2LOGGER.txt</include>
    <include>**/COPYING.txt</include>
    <include>**/ER-diagram.png</include>
    <include>**/ErrorCodes.txt</include>
   </includes>
   <outputDirectory>doc</outputDirectory>
  </fileSet>
    <!-- Examples -->
  <fileSet>
   <directory>src/examples/sql-pl</directory>
   <includes>
    <include>**/*</include>
   </includes>
   <outputDirectory>examples</outputDirectory>
  </fileSet>
 </fileSets>
</assembly>